ID,Category,Query,Expected,AI Answer,Result,Consistency %,Variations,Avg Time (s)
1,基礎規格,米開朗柔性軌道系列使用的是什麼電壓設計？,使用 DC 24V 低電壓安全通電設計。,"- **需求判斷**
  - 你詢問的是「特定產品系列（米開朗柔性軌道系列）」的**供電/電壓設計**，屬於規格查詢。

- **米開朗柔性軌道系列｜電壓設計（依目錄內容）**
  - **輸入電壓 / 供電設計：DC 24V（低電壓安全通電設計）**
    - 目錄亦多處標示：**DC24V（需外接驅動器，另計）**
  - **光品質（系列共通重點）**
    - **演色性：Ra ≧90，R9 >50**
    - **SDCM：< 3.5（低色容差、光色無色差）**
  - **系列內產品例（同為 DC24V）**
    - 投射燈 **D-FXTR7N / D-FXTR7W**：**7W**、**4000K / 3000K**、Ra≧90、SDCM<3.5、**DC24V（需外接驅動器）**
    - 玻璃球燈 **D-FXGB6N / D-FXGB6W**：**6W**、**4000K / 3000K**、Ra≧90、SDCM<3.5、**DC24V（需外接驅動器）**

如你願意，我也可以依你要裝在「商空展示 / 走道 / 氛圍」等用途，幫你從目錄裡挑適合的燈型與色溫搭配。",✅ Pass,100.0,1,9.59
2,基礎規格,請問型號 D-FXSPL12N 的色溫、光通量及光束角分別是多少？,色溫為 4000K、光通量為 840LM、光束角為 36°。,"- **需求判斷**：您是在查詢「特定產品型號（D-FXSPL12N）」的規格資料（色溫 / 光通量 / 光束角）。

- **查詢結果（依目前提供的目錄內容）**：  
  - 抱歉，目前的產品目錄中沒有提到 **D-FXSPL12N** 的 **色溫(K)、光通量(LM)、光束角** 的具體數值。  
  - 在您提供的 context 裡，僅看到 **D-FXSPL12N** 出現在「配件/頁碼索引（P.12）」的列表中，但未包含其規格表內容。

- **建議您提供**：  
  - **P.12 的產品頁截圖/文字內容**（或更完整的型錄頁面），我就能幫您把 D-FXSPL12N 的 **色溫、光通量、光束角** 逐項整理成列點規格給您。",❌ Fail,100.0,1,6.38
3,基礎規格,米開朗柔性基礎排燈的燈體材質是什麼？,材質包含鋁與 PC。,"- **需求判斷**：您是在詢問「特定產品名稱」——**米開朗柔性基礎排燈**的材質資訊。

- **米開朗柔性基礎排燈（基礎排燈）燈體材質（依目錄型號）**  
  - **D-FXSPL12N / D-FXSPL12W**
    - **燈體材質**：**鋁、PC**
    - 參考規格（目錄同步列出）：
      - **瓦數**：12W  
      - **色溫**：4000K（N）/ 3000K（W）  
      - **演色性**：Ra≧90、R9>50  
      - **特殊/其他**：SDCM<3.5、DC24V（需外接驅動器，另計）、光束角36°",✅ Pass,100.0,1,5.68
4,產品特性,米開朗柔性軌道系列有哪些主要特點？適合安裝在哪裡？,特點包括：軌道可彎曲以適應佈局、具備超高演色性 Ra >= 90、採低電壓安全設計。適合安裝在家中角落或商店展示空間。,"- **需求判斷**
  - 你詢問的是「特定產品系列（米開朗柔性軌道系列）」的**主要特點**與**適用安裝場所**（屬於場景/空間需求）。

- **米開朗柔性軌道系列｜主要特點（依目錄內容整理）**
  - **軌道可彎曲造型**
    - 可呈現**彎曲與圓弧**，帶來「流動的光之河」般的視覺效果
    - 更能適應**狹窄或不規則區域**的空間佈局
  - **安裝與配置彈性**
    - 主打**簡易明裝**，安裝便利
    - **燈具多款自由變化、款式多樣組合**，可同時滿足照明與氛圍需求
    - 可搭配**吸頂式固定架**，讓安裝與維修更便利
  - **安全供電設計**
    - **DC 24V 低電壓**通電設計（目錄亦註明部分燈具需外接驅動器，驅動器另計）
  - **高品質光色與顯色**
    - **演色性：Ra ≧ 90，且 R9 > 50**（更能還原真實色彩）
    - **SDCM < 3.5**（低色容差，光色更一致、減少色差）
    - 光感描述為**舒適柔和、明亮不刺眼**
  - **燈具可調角度（目錄示意）**
    - 系列中有「投射排燈」標示**可旋轉角度 320° / 40°**（用於調整照射方向與角度）

- **適合安裝在哪裡？（依目錄場景描述）**
  - **商業空間照明**
    - 例如：**商店展示、商品重點照明**（目錄提到「無論是商店的展示，都能靈活展現燈光之美」）
  - **住宅空間**
    - 適合家中想強調氛圍或局部照明的地方（目錄提到「家中的一隅」）
  - **特殊造型/不規則動線的空間**
    - 天花或牆面有**彎曲需求、圓弧設計、狹窄區域**，特別適合用柔性軌道去貼合空間線條

- **補充：目錄中可查到的系列燈具規格範例（規格導向）**
  - **米開朗柔性軌道投射燈**
    - 產品型號：D-FXTR7N / D-FXTR7W  
    - 瓦數：**7W**
    - 色溫：**4000K（N）/ 3000K（W）**
    - 光通量：**530lm（4000K）/ 460lm（3000K）**
    - 演色性：**Ra ≧ 90，R9 > 50**
    - SDCM：**< 3.5**
    - 輸入電壓：**DC24V（需外接驅動器，另計）**
    - 光束角：**36°**
    - 特性：可調整照射方向（目錄亦強調投射型可旋轉角度）
  - **米開朗柔性基礎排燈**
    - 產品型號：D-FXSPL12N / D-FXSPL12W
    - 瓦數：**12W**
    - 色溫：**4000K / 3000K**
    - 光通量：**840lm（4000K）/ 780lm（3000K）**
    - 演色性：**Ra ≧ 90，R9 > 50**
    - SDCM：**< 3.5**
    - 輸入電壓：**DC24V（需外接驅動器，另計）**
    - 光束角：**36°**
  - **米開朗柔性投射排燈（廣角）**
    - 產品型號：D-FXFLL12N / D-FXFLL12W
    - 瓦數：**12W**
    - 色溫：**4000K / 3000K**
    - 光通量：**660lm（4000K）/ 600lm（3000K）**
    - 演色性：**Ra ≧ 90，R9 > 50**
    - SDCM：**< 3.5**
    - 輸入電壓：**DC24V（需外接驅動器，另計）**
    - 發光角度：**140°**
    - 特性：目錄提到**扣入軌道好安裝、按壓自動彈開**

如果你願意，我也可以依你要裝的空間（例如服飾店/咖啡廳/住家客廳）、想要的氛圍（3000K暖光或4000K自然光）、以及你偏好「投射重點」或「均勻泛光」來幫你把燈具款式與配置方向做更精準的建議。",❌ Fail,100.0,1,23.6
5,產品特性,米開朗柔性軌道的燈具有什麼方便安裝的設計？,燈具設計有「按壓自動彈開扣入軌道」的功能，安裝十分便利。,"顧問建議（需求判斷：你在詢問「特定產品—米開朗柔性軌道」的燈具安裝便利設計）：

- **扣入軌道好安裝**
  - 目錄明確標示燈具可「扣入軌道」完成安裝，安裝流程更直覺、省時。

- **按壓自動彈開（便利拆裝/維護）**
  - 燈具具備「按壓自動彈開」機制，後續要調整位置或維修、更換燈具時更方便。

- **磁吸／模組化自由變化（系統安裝便利）**
  - 目錄描述米開朗柔性軌道系列為「簡易明裝超便利、燈具多款自由變化」，並強調「磁吸輕鬆安裝．隨心自由變化」（同系列照明特性描述中提及）。

- **搭配吸頂式固定架，安裝維修更便利**
  - 目錄指出可「搭配吸頂式固定架」，提升安裝與日後維修的便利性。

同場補充（與安裝相關的使用注意/規格，目錄有提到）：
- **DC 24V 低電壓供電**：需外接 **DC24V 驅動器**（安全通電設計）。
- **彎曲限制**：彎曲直徑需 **大於 30 公分**，避免銅線受損。
- **供電串接能力**：單一電源可串接 **10 米**；單一電源線可乘載 **120W**。

如果你方便告訴我你想裝的是「投射排燈／基礎排燈／5W投射燈／吊燈」哪一種燈具類型，我也可以再依目錄把對應型號的瓦數、色溫、光束角等規格整理給你。",❌ Fail,100.0,1,9.23
6,產品特性,米開朗柔性軌道投射燈的角度調整範圍是多少？,旋轉角度可達 355°，垂直調整角度可達 170°。,"- **需求判斷**：你詢問的是「特定產品名稱」—**米開朗柔性軌道投射燈**的**角度調整範圍**。

- **角度調整範圍（依目錄內容）**  
  - **可調整角度**：**355° / 170°**（目錄在「米開朗柔性軌道投射燈」示意旁標示）

- **同頁規格補充（方便你確認是否符合需求）**  
  - **產品型號**：D-FXTR7N / D-FXTR7W  
  - **消耗電力**：7W  
  - **色溫**：4000K（D-FXTR7N）/ 3000K（D-FXTR7W）  
  - **光通量**：530lm（4000K）/ 460lm（3000K）  
  - **演色性**：Ra ≧90、R9 > 50  
  - **SDCM**：< 3.5（低色容差）  
  - **輸入電壓**：DC24V（需外接驅動器，另計）  
  - **光束角**：36°  
  - **燈體材質**：鋁 / PMMA",✅ Pass,100.0,1,4.99
7,比較分析,「投射排燈」和「基礎排燈」的發光角度有什麼差別？,投射排燈的光束角為 36°，而基礎排燈的發光角度較廣，為 140°。,"- **需求判斷**
  - 你詢問的是「特定產品類型」：**投射排燈 vs 基礎排燈**，想比較兩者在**發光角度/光束角**上的差異。

- **發光角度差別（依目錄內容整理）**
  - **米開朗柔性軌道系列**
    - **投射排燈（D-FXFLL12N / D-FXFLL12W）**
      - 發光角度：**140°**
      - 功率：**12W**
      - 色溫：**4000K / 3000K**
      - 演色性：**Ra≧90、R9>50**
      - 特色：**燈具可旋轉（目錄標示可旋轉角度 320° / 40°）**、DC24V（需外接驅動器）
    - **基礎排燈（D-FXSPL12N / D-FXSPL12W）**
      - 光束角：**36°**
      - 功率：**12W**
      - 色溫：**4000K / 3000K**
      - 演色性：**Ra≧90、R9>50**
      - 特色：DC24V（需外接驅動器）

- **重點結論（角度差異）**
  - 以目錄列出的數據來看：
    - **投射排燈：140°（較廣）**
    - **基礎排燈：36°（較集中）**
  - 也就是說，同屬排燈但在目錄規格中，兩者的出光角度呈現「**廣角 vs 窄角**」的明顯差異。

> 若你要我更精準建議選哪一種（例如打牆面洗牆、照展示品、或做環境補光），可以告訴我你的空間用途與要照的距離/高度。",❌ Fail,100.0,1,9.05
8,規格細節,安裝米開朗系列燈具時，電源部分有什麼需要注意的？,輸入電壓為 DC24V，且需注意驅動器為外接且費用另計。,"顧問建議（判斷：您是針對**特定產品系列/安裝情境**「米開朗柔性軌道系列」詢問電源注意事項，而非找特定單一燈具型號）

- **務必確認供電規格：DC24V（低電壓）**
  - 米開朗柔性軌道系列目錄明確標示：**需外接 DC24V 驅動器**
  - 例：米開朗柔性軌道吊燈（型號如 **D-FXPC5N / D-FXPC5W**）
    - **輸入電壓：DC24V（需外接驅動器）**
    - **瓦數：5W**
    - **色溫：4000K（D-FXPC5N）/ 3000K（D-FXPC5W）**
    - **演色性：Ra≧90、R9>50**
    - **SDCM：<3.5**
    -（上述規格可協助您回推所需驅動器容量）

- **驅動器選型：總瓦數要預留 10% 以上**
  - 目錄建議公式：**總瓦數(W) × 1.1 = 適用驅動器瓦數(W)**  
  - 目的：避免瞬間電流過高造成不穩或損壞

- **接線端務必分清 AC / DC，避免燒毀**
  - 目錄提醒：**請勿接錯，以免燒毀**
  - 線材對應（以明緯/驅動器接法示意）：
    - **紅黑色線：DC 端接燈具**
    - **藍棕色線：AC 端接市電**

- **串接/負載限制（米開朗柔性軌道）**
  - **單一電源可串接 10 米**
  - **單一電源線可乘載 120W**
  - 若您的設計超過上述長度或功率，建議分段供電或增加電源配置（以符合目錄限制）

- **必備配件注意**
  - 目錄標示：**需另購專用電源線**（米開朗柔性軌道-電源線：**D-FX-PCD**）

如果您願意提供「預計安裝總長度（米）/ 預計使用燈具數量與瓦數」，我可以依目錄的「總瓦數×1.1」幫您一起把驅動器瓦數需求整理成清單。",✅ Pass,100.0,1,11.6
9,規格細節,米開朗柔性軌道系列對於色彩還原度的表現如何？,表現極佳，具備 Ra >= 90 高演色性、R9 > 50 以及 SDCM < 3.5 的低色容差，確保光色無色差。,"- **需求分析**：你詢問的是「米開朗柔性軌道系列」在**色彩還原度（演色性/CRI）**上的表現，屬於針對**特定系列產品的規格與光品質**評估（非特定場所規劃）。

- **色彩還原度整體表現（依目錄內容）**
  - **演色性（Ra）**：**Ra ≧ 90**（目錄描述為「超高演色性」，可更真實呈現被照物顏色）
  - **紅色指標（R9）**：**R9 > 50**（對紅色呈現更有幫助，提升膚色、紅色商品、木質/暖色材質的真實感）
  - **色容差（SDCM）**：**SDCM < 3.5**（低色容差，目錄說明「幾乎無可見色差」，有助於同一空間多盞燈的光色一致性）

- **可參考的系列內產品規格舉例（皆為目錄中資料）**
  - **D-FXTR7N（米開朗柔性軌道投射燈）**
    - 瓦數：**7W**
    - 色溫：**4000K**
    - 演色性：**Ra ≧ 90，R9 > 50**
    - SDCM：**< 3.5**
    - 特殊/重點：**DC24V（需外接驅動器）**、光束角 **36°**
  - **D-FXTR7W（米開朗柔性軌道投射燈）**
    - 瓦數：**7W**
    - 色溫：**3000K**
    - 演色性：目錄同頁呈現系列規格為 **Ra ≧ 90，R9 > 50**（此系列主打一致）
    - SDCM：系列主打 **< 3.5**
    - 特殊/重點：**DC24V（需外接驅動器）**、光束角 **36°**
  - **D-FXSPL12N（米開朗柔性投射排燈/基礎排燈）**
    - 瓦數：**12W**
    - 色溫：**4000K**
    - 演色性：**Ra ≧ 90，R9 > 50**
    - SDCM：**< 3.5**
    - 特殊/重點：**DC24V（需外接驅動器）**、光束角 **36°**
  - **D-FXSPL12W（米開朗柔性投射排燈/基礎排燈）**
    - 瓦數：**12W**
    - 色溫：**3000K**
    - 演色性：目錄同頁呈現系列規格為 **Ra ≧ 90，R9 > 50**
    - SDCM：系列主打 **< 3.5**
    - 特殊/重點：**DC24V（需外接驅動器）**

- **顧問建議（就色彩還原度結論）**
  - 以目錄規格來看，米開朗柔性軌道系列屬於**高演色性 Ra≧90 + 強化紅色 R9>50 + 低色容差 SDCM<3.5**的配置，對於需要「顏色看起來更準、同一面牆/同一排燈不易色偏」的需求表現很有優勢。  
  - 若你願意提供使用場景（例如服飾、餐飲、藝術品、居家客廳等）以及偏好 **3000K/4000K**，我也可以再幫你把色溫與燈型（投射燈/排燈）搭配建議整理成一套更精準的選型清單。",✅ Pass,100.0,1,14.16
10,產品型號查詢,請問有推薦的「LED燈 35Wx1 嵌入式 220V」產品嗎？,推薦型號為：舞光/D-PD25D-EGR1,"- **需求判斷**
  - 您要找的是「**35W、單顆(35Wx1)、嵌入式、220V**」的 LED 燈具。
  - 目前目錄內容中，**有符合 35W 且支援 220V(全電壓100–240V) 的產品**，但**未明確標示為「嵌入式/崁入式」**款式。

- **目錄中最接近您條件（35W、可用220V）的型號**
  - **產品型號**：D-OFO35D  
  - **消耗電力**：35W  
  - **色溫**：6500K  
  - **光通量**：4200 lm  
  - **演色性**：Ra ≧80  
  - **輸入電壓**：100–240V（全電壓，**包含220V**）  
  - **發光角度**：160°  
  - **燈體材質**：鋁材、PC  

- **提醒（與「嵌入式」關鍵條件的落差）**
  - 抱歉，目前的產品目錄中**沒有提到**「35W x1 且明確為嵌入式(崁入式)」的產品型號與開孔尺寸等細節。

- **我需要您補充 2 個資訊，才能更精準幫您對到「嵌入式」款**
  - 需要的**崁入孔尺寸**（例如 Φ75 / Φ95 / Φ134…）
  - 安裝位置是 **天花板嵌入** 還是 **吸頂/壁面**（因為目錄中 35W 這款未標示崁入資訊）",❌ Fail,100.0,1,10.88
11,產品型號查詢,請問有推薦的「LED燈 20Wx1 吊管式 220V」產品嗎？,推薦型號為：舞光/L4140+65K,"- **需求判斷**：您是在找「特定規格」的燈具（**LED 燈 / 20W×1 / 吊管式 / 220V**）。
- **目錄符合度**：目前提供的目錄內容中，**沒有看到「20W×1 且可吊管式」的燈具型號**；不過有**最接近需求**的「吊管式」選項（功率為 18W），以及「20W」但**非吊管式**的替代方案如下。

---

## 最接近您需求（可吊管式，但功率為 18W×1）
- **1/2/4 尺勻光吸頂燈（可吊管式）— LED-2217D / LED-2217N**
  - **產品型號 / 功率**
    - LED-2217D：**18W**
    - LED-2217N：**18W**
  - **色溫**
    - LED-2217D：**6500K**
    - LED-2217N：**4000K**
  - **光通量**：**2160 lm**
  - **演色性 (Ra)**：**≧80**
  - **輸入電壓**：**100–240V（全電壓）**（包含 220V 可用）
  - **發光角度**：**220°**
  - **固定方式**：**吸頂式 / 吊管式**
    - 備註：**吊式壁板及日光燈吊管另計**
  - **燈體材質**：**PC、白色烤漆鋼板**
  - **特殊/結構特點（目錄描述）**
    - **霧面側蓋，併接不斷光**
    - **快裝結構設計**
    - **可加購吊管專用壁板 LED-4217-CN6**

---

## 若您「一定要 20W」：目錄內有 20W，但不是吊管式（供備選）
- **20W 神盾吸頂筒燈 — LED-CEA20D / LED-CEA20N / LED-CEA20W（皆為吸頂筒燈）**
  - **功率**：**20W**
  - **色溫 / 光通量**
    - LED-CEA20D：**6000K / 2000 lm**（Ra **≧80**）
    - LED-CEA20N：**4000K / 1600 lm**（Ra **≧90**）
    - LED-CEA20W：**3000K / 1600 lm**（Ra **≧90**）
  - **輸入電壓**：**100–240V（全電壓）**
  - **光束角**：**36°**
  - **材質**：**壓鑄鋁、壓克力**
  - ※ 但此系列在目錄中屬於**吸頂筒燈**，非「吊管式」。

---

如果您可以接受**18W×1（吊管式）**來達成「單燈、220V、吊管安裝」的需求，我會建議優先看 **LED-2217D（6500K）或 LED-2217N（4000K）**。  
想確認一下：您需要的是「**日光燈型長條燈具吊管**」還是「**筒燈吊管**」的做法？我可以再依您現場天花/管距與照度需求幫您更精準挑型號與色溫。",❌ Fail,100.0,1,20.51
12,產品型號查詢,請問有推薦的「LED燈 20Wx1 吸頂式 220V」產品嗎？,推薦型號為：舞光/L4140+65K,"- **需求判斷**
  - 你是在找「**特定規格：LED燈 20W×1、吸頂式、220V**」的產品。
  - 目錄中符合「**20W、吸頂、輸入 100–240V(全電壓，可用 220V)**」的系列為：**10/20W 神盾吸頂筒燈**中的 **20W 型號**。

---

- **推薦產品：20W 神盾吸頂筒燈（吸頂式 / 100–240V 全電壓，適用 220V）**
  - **共通規格（此系列 20W 型號）**
    - **消耗電力**：20W
    - **輸入電壓**：100–240V（全電壓，**含 220V**）
    - **光束角**：36°
    - **燈體材質**：壓鑄鋁、壓克力
    - **燈體顏色**：時尚白 / 貴族黑（依型號）
    - **特殊功能/備註**：※ 可加裝商空吊管（目錄註記）

- **型號與規格（依你想要的色溫/外觀選擇）**
  - **白光 6000K（時尚白）**：LED-CEA20D  
    - **色溫**：6000K  
    - **光通量**：2000 lm  
    - **演色性 Ra**：≧80
  - **自然光 4000K（時尚白）**：LED-CEA20N  
    - **色溫**：4000K  
    - **光通量**：1600 lm  
    - **演色性 Ra**：≧90
  - **黃光 3000K（時尚白）**：LED-CEA20W  
    - **色溫**：3000K  
    - **光通量**：1600 lm  
    - **演色性 Ra**：目錄此段未標示（20W 白殼 W 色溫欄位未提供）
  - **白光 6000K（貴族黑）**：LED-CEA20D-BK  
    - **色溫**：6000K  
    - **光通量**：2000 lm  
    - **演色性 Ra**：≧80
  - **自然光 4000K（貴族黑）**：LED-CEA20N-BK  
    - **色溫**：4000K  
    - **光通量**：1600 lm  
    - **演色性 Ra**：≧90
  - **黃光 3000K（貴族黑）**：LED-CEA20W-BK  
    - （此型號在截取內容中僅出現型號，**其色溫/光通量/Ra 未完整顯示**）

---

- **我會怎麼幫你快速選**
  - 想要**最亮、偏白**：選 **LED-CEA20D / LED-CEA20D-BK（6000K、2000lm、Ra≧80）**
  - 想要**看起來自然、顯色更好**：選 **LED-CEA20N / LED-CEA20N-BK（4000K、Ra≧90）**

如果你告訴我安裝位置（客廳/房間/走道）以及偏好 **白殼或黑殼、6000K/4000K/3000K**，我可以再幫你把型號精準收斂到 1 款。",❌ Fail,100.0,1,14.49
13,產品型號查詢,請問有推薦的「LED燈 20Wx1 壁式 220V」產品嗎？,推薦型號為：舞光/L4140+65K,"- **需求判斷**：您是以「規格」在找燈（**LED壁燈、20W×1、220V**）。依目錄內容，建議選擇「**全電壓 100–240V**」的壁燈，可直接涵蓋 **220V** 使用環境。

---

- **推薦 1｜艾絲防水壁燈 E-2357（20W）**
  - **產品型號**：E-2357  
  - **消耗電力**：20W（20W×1）
  - **色溫**：3000K
  - **光通量**：530 lm
  - **演色性（Ra）**：≧80
  - **輸入電壓**：100–240V（全電壓，含 220V）
  - **特殊/特色功能**：
    - **IP66 防水**
    - **防水驅動器（內含）**
    - 背板十字孔距設計，**可直式/橫式安裝**
    - 光型均勻柔和、霧面質感玻璃
  - **適用場景**：建築外牆、門廊等戶外/半戶外壁面

---

- **推薦 2｜艾絲防水壁燈 E-2358（20W）**
  - **產品型號**：E-2358
  - **消耗電力**：20W（20W×1）
  - **色溫**：3000K
  - **光通量**：580 lm
  - **演色性（Ra）**：≧80
  - **輸入電壓**：100–240V（全電壓，含 220V）
  - **特殊/特色功能**：
    - **IP66 防水**
    - **防水驅動器（內含）**
    - **可直式/橫式安裝**
    - 高質感玻璃設計、光型柔和
  - **適用場景**：建築外牆、門廊等

---

- **小提醒（幫您選型更準）**
  - 若您希望同為 20W 中 **亮度較高**，目錄數據顯示 **E-2358（580 lm）** 會比 **E-2357（530 lm）** 更亮一些。  
  - 方便的話請您補充：要裝在**室內或戶外**？偏好**直式或橫式**安裝？我可以再幫您縮小到最合適的型號。",❌ Fail,100.0,1,11.82
14,產品型號查詢,請問有推薦的「LED燈 15Wx1 嵌入式 220V」產品嗎？,推薦型號為：舞光/D-15DOP12DESR1,"- **需求判斷**：您是要找「特定規格」的產品——**LED 燈 15W ×1、嵌入式、220V**。  
- **目錄比對結果**：抱歉，目前的產品目錄中**沒有提到 15W ×1 的嵌入式 LED 成品燈**（可直接對應您需求的型號/規格未出現）。不過目錄中有**可用於 220V（100–240V 全電壓）**的嵌入式相關替代選項如下：

- **替代推薦 1｜神盾吸頂筒燈系列（10W，嵌燈/筒燈類）**
  - 產品型號：**LED-CEA10D**
    - 消耗電力：**10W**
    - 色溫：**6000K**
    - 光通量：**1000 lm**
    - 演色性：**Ra ≧80**
    - 輸入電壓：**100–240V（全電壓，可用 220V）**
    - 光束角：**36°**
    - 燈體材質：**壓鑄鋁、壓克力**
  - 產品型號：**LED-CEA10N**
    - 消耗電力：**10W**
    - 色溫：**4000K**
    - 光通量：**700 lm**
    - 演色性：**Ra ≧90**
    - 輸入電壓：**100–240V（全電壓，可用 220V）**
    - 光束角：**36°**
    - 燈體材質：**壓鑄鋁、壓克力**

- **替代推薦 2｜MR16 ×1 崁燈外殼（需另購光源）**
  - 產品型號：**KW-303 / KW-303-BK**
    - 適用光源：**MR16 ×1（另計）**
    - 尺寸：**外徑 φ88 mm、H: 25 mm**
    - 燈體材質：**鐵烤漆（白/黑）**
    - 特點：**可訂製三燈/四燈**、內附燈頭線  
  - ※ 此項在目錄頁僅提供「燈具本體」資訊，**未標示 220V/光源瓦數**；若您希望達到「15W ×1」，需要搭配相應 MR16 光源，但該光源規格不在本次目錄截圖內容內。

---

若您一定要「**15W ×1 嵌入式、220V**」，我可以再幫您精準比對：想要的**色溫（3000K/4000K/6000K）**、以及是偏好**筒燈（聚光）**還是**崁燈（可調角/MR16）**？我再依目錄內容幫您挑最接近的型號。",❌ Fail,100.0,1,15.86
15,產品型號查詢,請問有推薦的「LED 燈 13Wx2 壁式 220V」產品嗎？,推薦型號為：舞光/OD-2054-S+LED-E2712W-EG 舞-E27X2 小螺旋壁燈銀框 +12W*2,"以下我先判斷您的需求屬於「規格需求」：想找**壁式、LED、13W×2、可用 220V** 的產品。

不過依目前目錄內容來看，**沒有明確標示「單盞燈具＝13W×2（雙光源/雙燈頭）」**的壁燈型號；但有多款**單盞 13W、輸入電壓 100–240V（含 220V 可用）**的壁燈可供您用「**同型號買 2 盞**」來達成 **13W×2** 的配置。以下是目錄內可對應的推薦：

---

## 推薦方案（以同款買 2 盞，達成 13W×2、220V 可用）

### 1) 圓轉防水壁燈 OD-2346（建議 2 盞）
- **瓦數**：13W（×2 盞可達 13W×2）
- **輸入電壓**：100–240V（全電壓，**可用 220V**）
- **色溫**：3000K
- **演色性（Ra）**：≧80
- **光通量**：250 lm
- **特殊功能/特點**：
  - 外框**可手動旋轉**，可改變照射方向
  - **磁式面蓋無螺絲設計**
  - 可**直/橫式安裝**
  - **IP65**（戶外適用）
  - 防水驅動器（內含）

---

### 2) 方轉防水壁燈 OD-2347（建議 2 盞）
- **瓦數**：13W（×2 盞可達 13W×2）
- **輸入電壓**：100–240V（全電壓，**可用 220V**）
- **色溫**：3000K
- **演色性（Ra）**：≧80
- **光通量**：715 lm
- **特殊功能/特點**：
  - **可手動轉向**
  - 說明標示「**四種光型呈現，可隨環境調整**」
  - **IP66**（戶外適用）
  - 防水驅動器（內含）
  - ※目錄備註：**限裝裝潢板**

---

### 3) 貝拉防水壁燈 E-2354（建議 2 盞）
- **瓦數**：13W（×2 盞可達 13W×2）
- **輸入電壓**：100–240V（全電壓，**可用 220V**）
- **色溫**：3000K
- **演色性（Ra）**：≧80
- **光通量**：760 lm
- **特殊功能/特點**：
  - **燈頭可 270° 旋轉**（可調打光方向）
  - **IP66**（戶外適用）
  - 可用於建築外牆、門廊等
  - 防水驅動器（內含）
  - 適用直/橫式預埋盒（98mm／57mm）

---

### 4) 手風琴防水壁燈 E-2355（建議 2 盞）
- **瓦數**：13W（×2 盞可達 13W×2）
- **輸入電壓**：100–240V（全電壓，**可用 220V**）
- **色溫**：3000K
- **演色性（Ra）**：≧80
- **光通量**：840 lm
- **特殊功能/特點**：
  -（目錄截圖未提供 IP 等其餘描述；以上為可擷取到的規格）

---

## 我想再確認 2 個關鍵點，幫您選最適合
1) 您說的 **「13W×2」**是指：  
- A. **同一面牆要裝兩盞**（總共 2 盞 13W）？  
- B. 還是要**單盞燈具內建雙光源＝13W+13W**？

2) 安裝位置是**室外外牆/柱子**，還是**室內走道/玄關**？（若室外我會優先建議 IP65/IP66 的款式）

您回覆 A/B + 使用場所後，我可以在上面幾款中替您收斂到最適合的 1–2 款。",❌ Fail,100.0,1,19.88
16,產品型號查詢,請問有推薦的「LED 燈 50Wx1 壁投式 220V」產品嗎？,推薦型號為：舞光/E-FLCS50D 舞-50W 凱薩泛光燈 5700K,"抱歉，目前的產品目錄中**沒有提到符合「LED 燈 50W ×1、壁投式、220V」**的產品型號與規格（目錄內的壁燈多為 8W/13W 等級，50W 則出現在吸頂燈系列，且未標示為壁投式）。

若您可接受「同為 220V 可用（全電壓 100–240V）」但**先以現有目錄內相近用途/規格**提供替代方案，供您評估：

- **星鑽壁切調光吸頂燈｜LED-CES50DSWR3（吸頂，非壁投）**
  - 瓦數：**50W**
  - 色溫：**6500K**
  - 光通量：**5000 lm**
  - 演色性：**Ra ≧80**
  - 輸入電壓：**100–240V（全電壓，可用 220V）**
  - 特殊功能：**四段壁切調光（100% / 50% / 25% / 小夜燈）**、**記憶模式（開啟 >15 秒記憶亮度）**、快速安裝
  - 發光角度：**160°**
  - 燈體材質：PMMA 星鑽燈罩／鐵材烤白漆／PC 防觸電罩

- **貝拉防水壁燈｜E-2354（壁燈，非 50W）**
  - 瓦數：**13W**
  - 色溫：**3000K**
  - 光通量：**760 lm**
  - 演色性：**Ra ≧80**
  - 輸入電壓：**100–240V（全電壓，可用 220V）**
  - 特殊功能：**IP66 防水**、燈頭可 **270° 旋轉**（可調整打光方向）、內含防水驅動器
  - 燈體材質：壓鑄鋁、PC（深灰色粉體防鏽烤漆）

- **艾瑪防水壁燈｜OD-2249（壁燈，非 50W）**
  - 瓦數：**8W**
  - 色溫：**3000K**
  - 光通量：**400 lm**
  - 演色性：**Ra ≧80**
  - 輸入電壓：**100–240V（全電壓，可用 220V）**
  - 特殊功能：**IP66 防水**、可直/橫式安裝、內含防水驅動器
  - 發光角度：**140°**
  - 燈體材質：壓鑄鋁、強化玻璃（深灰色粉體防鏽烤漆）

如果您要的是**真正「壁投式 50W」**（偏戶外投光/投射用途），想跟您確認兩點，我才能更精準比對您需要的型式：  
1) 您說的「壁投式」是指**投光燈（可調角度、照牆面/招牌）**嗎？  
2) 需要的色溫是 **3000K 暖白**還是 **6500K 白光**？",❌ Fail,100.0,1,19.22
17,產品型號查詢,請問有推薦的「LED 燈 100Wx1 壁投式 220V」產品嗎？,推薦型號為：舞光/E-FLCS100D 舞-100W 凱薩泛光燈 5700K,"- **需求判斷**：您描述的是「**特定規格**」（LED 燈 **100W ×1**、**壁投式**、**220V**）。  
- **目錄符合度**：目前提供的目錄內容中，**沒有明確標示「100W 壁投式／投光燈（壁裝）」**的產品型號與規格。  
  - 因此若您一定要「壁投式投光燈 100W」，我這邊**無法從現有目錄直接推薦對應品項**。

以下提供「**同為 100W 且涵蓋 220V 的替代方案**」（前提是您現場燈具為 **E40 燈頭**、可接受以燈泡形式安裝在壁面燈具/投射燈具上）：

- **E40 100W 高天井燈泡｜LED-E40100D**（100W ×1，可用於 220V）
  - **消耗電力**：100W  
  - **色溫**：6500K  
  - **光通量**：13500 lm  
  - **演色性（Ra）**：≧80  
  - **輸入電壓**：100–277V（全電壓，**包含 220V**）  
  - **發光角度**：160°  
  - **特殊功能**：溫敏 IC（可隨安裝環境溫度調節功率，壽命長）、可取代 500W 水銀燈泡、最高使用電壓可到 277V  
  - **燈體材質**：PC、壓鑄鋁  

如果您方便，請回覆我兩點，我就能更精準判斷是否適用這顆 E40 100W 或需找其他系列：  
- 您的「壁投式」是**投光燈具（需 IP 防水）**，還是一般**壁燈座 E40 直上燈泡**？  
- 需要的色溫是 **白光 6500K** 還是 **黃光/自然光**？（目前 100W 只看到 6500K）",❌ Fail,100.0,1,15.08
18,產品型號查詢,請問有推薦的「LED 燈 20Wx2 吸頂式 220V」產品嗎？,推薦型號為：舞光/L4240+65K (組) 舞-4 尺 2 管 26W 工事燈 65K,"依您需求「**20W×2、吸頂式、220V**」，在目前目錄中最符合的是 **「20W 神盾吸頂筒燈」**系列（單顆20W；可裝2顆達成20W×2）。此系列為 **100–240V 全電壓**，因此 **220V 可直接使用**。

- **推薦方案：20W 神盾吸頂筒燈（裝2顆＝20W×2）**
  - **輸入電壓**：100–240V（全電壓，含 220V）
  - **光束角**：36°
  - **燈體材質**：壓鑄鋁 + 壓克力
  - **可選規格/型號（依色溫、燈體顏色）**：
    - **白光 6000K / Ra≧80 / 2000lm / 20W**
      - 時尚白：**LED-CEA20D**
      - 貴族黑：**LED-CEA20D-BK**
    - **自然光 4000K / Ra≧90 / 1600lm / 20W**
      - 時尚白：**LED-CEA20N**
      - 貴族黑：**LED-CEA20N-BK**
    - **黃光 3000K /（目錄未標示Ra，僅同系列列出）/ 1600lm / 20W**
      - 時尚白：**LED-CEA20W**
      - 貴族黑：**LED-CEA20W-BK**
  - **特殊/備註**：目錄註記 **「※ 可加裝商空吊管 P.340」**（若您有商空或挑高需求可評估）

若您方便，我也可以幫您更精準搭配：您要偏 **6000K白光 / 4000K自然光 / 3000K黃光**？以及燈體想要 **白色**還是 **黑色**？（同一空間裝2顆時，通常建議色溫一致）",❌ Fail,100.0,1,12.53
19,產品型號查詢,請問有推薦的「LED燈 40Wx1 平板燈」產品嗎？,推薦型號為：舞光/D-PD40DR7 舞-40W 柔光平板燈 65K,"您這題屬於「特定規格/名稱」需求：想找 **40W、4×1 尺(常見稱 40Wx1) 的 LED 平板燈**。  
不過依目前提供的目錄內容來看，**沒有一款「明確標示為 40W、4×1」且規格（色溫/演色性等）完整的平板燈資料**；因此我先提供目錄中「最接近 4×1 尺使用情境」的可選型號給您參考：

- **D-41PD25D-EGR1｜環標柔光平板燈（4×1/4×2 系列）**
  - 瓦數：**25W**
  - 色溫：**6500K**
  - 光通量：**3500 lm**（目錄標示）
  - 演色性：**Ra ≧80**
  - 特殊功能/特色：
    - **UGR<19 防眩**、護眼**無頻閃**、均光不刺眼
    - 通過「**環保標章**」、「**節能標章**」雙標認證
    - 使用**隔離驅動**（安全性高）
    - 平均壽命：**30,000 小時**
    - 安裝方式：**崁入式、吸頂式、吊鍊式**（吸頂框/吊鍊包需另計）
  - 輸入電壓：**100–277V（全電壓）**
  - 光束角：**90°**
  - 材質：鋁邊框、鐵底殼／PET 反射片／PS 高透光擴散板／PS 稜鏡板

- **D-42PD45D-EGR1｜環標柔光平板燈（4×1/4×2 系列）**
  - 瓦數：**45W**
  - 色溫：**6500K**
  - 光通量：**7000 lm**
  - 特殊功能/特色（同系列訴求）：
    - **UGR<19 防眩**、護眼**無頻閃**
    - 「環保標章」、「節能標章」雙標認證
    - **隔離驅動**
    - 平均壽命：**30,000 小時**
  - ※目錄截圖未在同一段落完整列出其 Ra/電壓/角度/材質表格（但系列頁面有上述共同特性）

- **關於您指定的「40W×1（4×1）」**
  - 目錄中有出現 **「D-41PD40D」** 這個型號字樣，但**目前截取內容沒有提供它的瓦數/色溫/演色性等完整規格表**，我無法在不補資料的情況下保證它就是您要的「40W 4×1」版本與細節。
  - 若您方便提供 **D-41PD40D** 的那一頁規格（或告訴我您要 6500K/4000K、要崁入或吸頂），我就能更精準對應到您要的 40W×1 方案。",❌ Fail,100.0,1,21.59
20,產品型號查詢,請問有推薦的「LED燈 20Wx1 山型燈」產品嗎？,推薦型號為：舞光/LED-4143R5+DR7 舞-4尺單山型燈具+20W,"依您提到的「LED燈 20Wx1 山型燈」，從目前目錄內容來看，最符合的會是**戶外用「防水微波感應泛光燈」(山型投光燈安裝形式常見)**，20W 有兩個色溫可選：

- **OD-SEFL20D｜防水微波感應泛光燈（白光）**
  - 瓦數：**20W**
  - 色溫：**6500K**
  - 光通量：**2000 lm**
  - 演色性：**Ra ≧ 80**
  - 輸入電壓：**100–240V（全電壓）**
  - 發光角度：**140°**
  - 防護：**IP66**
  - 特殊功能：**微波感應**、**防水驅動器（內含）**
  - 材質：**壓鑄鋁 + 強化玻璃**（深灰色粉體防鏽烤漆）

- **OD-SEFL20W｜防水微波感應泛光燈（黃光）**
  - 瓦數：**20W**
  - 色溫：**3000K**
  - 光通量：**1800 lm**
  - 演色性：**Ra ≧ 80**
  - 輸入電壓：**100–240V（全電壓）**
  - 發光角度：**140°**
  - 防護：**IP66**
  - 特殊功能：**微波感應**、**防水驅動器（內含）**
  - 材質：**壓鑄鋁 + 強化玻璃**（深灰色粉體防鏽烤漆）

如果您說的「山型燈」是要**常亮、不需要感應**的款式，這份目錄目前只明確列到「微波感應」版本；我可以再依您安裝位置（騎樓/車道/庭院）與想要白光或黃光，幫您選更適合的色溫與亮度。",❌ Fail,100.0,1,12.98
21,產品型號查詢,請問有推薦的「LED燈 10Wx1 山型燈」產品嗎？,推薦型號為：舞光/LED-2143R5+DR7 舞-2尺單山型燈具+10W,"依您詢問的「LED燈 10W×1 山型燈」，目前目錄中**沒有直接標示為「山型燈」**的品名；不過若您要找的是常見用於戶外/走道/門廊、外型偏「山形/膠囊型」的**單顆 10W 壁燈**，目錄內最接近的是以下這款「防水膠囊壁燈」系列（10W×1）：

- **防水膠囊壁燈｜E-WL10DR1（白光）**
  - 瓦數：**10W**
  - 色溫：**6500K**
  - 光通量：**800 lm**
  - 演色性：**Ra ≧80**
  - 輸入電壓：**100–240V（全電壓）**
  - 安裝方式：**壁燈**
  - 燈體材質/特性：**抗UV PC**
  - 特殊功能：目錄標示採用**防水驅動器**、**一體成型輕巧好安裝**

- **防水膠囊壁燈｜E-WL10WR1（暖白）**
  - 瓦數：**10W**
  - 色溫：**3000K**
  - 光通量：**720 lm**
  - 演色性：**（目錄未標示，僅同系列有列 Ra ≧80 的款式資訊）**
  - 輸入電壓：**（目錄未標示）**
  - 安裝方式：**壁燈**
  - 燈體材質/特性：**抗UV PC**
  - 特殊功能：目錄標示採用**防水驅動器**、**一體成型輕巧好安裝**

如果您說的「山型燈」是指**吸頂式**還是**壁掛式**？以及希望 **3000K 暖光**或 **6500K 白光**？我可以再依安裝位置（門口、車庫、陽台、樓梯間等）幫您把型號鎖得更精準。",❌ Fail,100.0,1,12.01
22,產品型號查詢,請問有推薦的「LED燈 100Wx1 天井燈」產品嗎？,推薦型號為：舞光/D-HBAS100D 舞-100W 飛艦天井燈,"- **需求分析（屬於「特定產品規格」需求）**  
  - 你要找的是「LED 天井燈、100W、1 盞」的配置；依目錄內容，最符合的是「飛碟天井燈 100W」系列，以及另有「E40 100W 高天井燈泡」可作為替換型選擇（依你現場燈具燈座/安裝型式決定）。

---

- **推薦 1：100W 飛碟天井燈（工廠/倉庫常用）**  
  - **產品型號**：LED-HIBAY100DR5  
  - **消耗電力**：100W  
  - **色溫**：6500K  
  - **光通量**：14000 lm  
  - **演色性（Ra）**：≧80  
  - **輸入電壓**：100–240V（全電壓）  
  - **發光角度**：120°  
  - **燈體材質**：壓鑄鋁 + PC（深灰色粉體防鏽烤漆）  
  - **特殊/重點功能（目錄描述）**：  
    - 通過長期高溫 **60°C** 測試（針對台灣炎熱氣候設計）  
    - 採用 **明緯天井燈專用驅動器**（一體成型，防水更好）  
    - **內附防墜繩**（地震搖晃防墜落）

---

- **推薦 2：E40 100W 高天井燈泡（若你是要換「燈泡型」而非整盞天井燈具）**  
  - **產品型號**：LED-E40100D  
  - **消耗電力**：100W  
  - **色溫**：6500K  
  - **光通量**：13500 lm  
  - **演色性（Ra）**：≧80  
  - **輸入電壓**：100–277V（全電壓）  
  - **發光角度**：160°  
  - **燈體材質**：PC、壓鑄鋁  
  - **特殊/重點功能（目錄描述）**：  
    - **溫敏 IC**：可隨安裝環境溫度調節功率，壽命長  
    - 可取代 **500W 水銀燈泡**  
    - 最高使用電壓可到 **277V**

---

- **我會建議你怎麼選（快速判斷）**  
  - 你現場如果是「**整盞天井燈具要新裝/替換**」：選 **LED-HIBAY100DR5（100W 飛碟天井燈）**。  
  - 如果你現場是「**E40 燈座、只想換燈泡**」：選 **LED-E40100D（E40 100W 高天井燈泡）**。

若你方便補充：安裝高度大約幾米、希望照明範圍/用途（倉庫走道、作業區、機台區），我可以再幫你更精準判斷 120° 或 160° 哪種更合適。",❌ Fail,100.0,1,13.35
23,產品型號查詢,請問有推薦的「LED燈 10Wx1 壁式」產品嗎？,推薦型號為：舞光/OD-2272 舞-10W 月光壁燈 30K,"您想找的是「特定規格：LED 10W ×1、壁式」的產品；依目錄內容，目前最符合的是 **「白鯨防水壁燈」10W 款**（單燈 10W、壁面安裝）。

- **產品名稱**：白鯨防水壁燈（10W 款）
- **產品型號**：E-WLBJ10W-BK（貴族黑）
- **消耗電力**：10W（10W ×1）
- **色溫**：3000K
- **光通量**：1100 lm
- **演色性 (Ra)**：抱歉，目錄段落中**未標示**
- **特殊/賣點功能（目錄描述）**：
  - 一體成型，輕巧好安裝
  - 抗 UV PP 材質，不易泛黃脆化
  - 快裝結構，安裝更方便
  - 適用戶外門廊等潮濕區域

若您方便補充要用在「室內/戶外」以及偏好「黃光3000K / 白光」我也可以再幫您把同系列或相近壁燈做更精準的對照推薦。",❌ Fail,100.0,1,11.26
24,產品型號查詢,請問有推薦的「LED燈 50Wx1 壁投式」產品嗎？,推薦型號為：舞光/OD-FLZ50DR1 舞-50W 宙斯泛光燈 65K,"- **需求判斷**：您是在找「特定規格/類型」的產品——**LED 燈 50W ×1、壁投式（壁面投射/壁掛投光）**。

- **目錄符合度結論**：  
  抱歉，目前的產品目錄中**沒有提到**「**50W×1 的壁投式/壁掛投光燈**」之產品型號與規格，因此無法直接推薦完全相符的型號。

- **目錄中較接近的「壁燈/戶外壁燈」替代選項（非 50W，供您評估）**：
  - **貝拉防水壁燈｜E-2354**
    - 瓦數：**13W**
    - 色溫：**3000K**
    - 光通量：**760 lm**
    - 演色性：**Ra ≧80**
    - 輸入電壓：**100–240V（全電壓）**
    - 特殊功能：**燈頭可 270° 旋轉**（可調整打光方向）、**IP66**、防水驅動器內含、適用建築外牆/門廊
  - **艾瑪防水壁燈｜OD-2249**
    - 瓦數：**8W**
    - 色溫：**3000K**
    - 光通量：**400 lm**
    - 演色性：**Ra ≧80**
    - 輸入電壓：**100–240V（全電壓）**
    - 發光角度：**140°**
    - 特殊功能：**可直/橫式安裝**、**IP66**、防水驅動器內含、適用外牆/柱子
  - **白鯨防水壁燈（系列）**
    - 型號/瓦數/色溫/光通量：
      - **E-WLBJ10W-BK**：**10W｜3000K｜1100 lm**
      - **E-WLBJ16D / E-WLBJ16D-BK**：**16W｜6500K｜1850 lm**
      - **E-WLBJ16W / E-WLBJ16W-BK**：**16W｜3000K｜1750 lm**
    - 特殊功能（目錄描述）：一體成型、抗 UV PP 材質、快裝結構、適用戶外門廊等潮濕區域  
    - ※ 演色性/發光角度/電壓：此段落目錄未提供完整表格數值

- **我可以更精準幫您對應型號**：請問您說的「壁投式」是要**戶外投射外牆/招牌**用（類投光燈），還是**室內壁面投光（洗牆/重點照明）**？另外希望的色溫是 **3000K/4000K/6500K** 哪一種？我再依目錄現有品項幫您挑最接近的搭配方式。",❌ Fail,100.0,1,14.41
25,產品型號查詢,請問有推薦的「LED燈 10Wx1 嵌入式」產品嗎？,"推薦型號為：舞光/DL-51040-LO+10W 舞-E27 15"" 橫崁+玻+10W","- **需求判斷**
  - 您想找的是「**10W、單燈(X1)、嵌入式(崁燈)**」類型。
  - 依目前目錄內容來看：**真正標示為「崁燈」且可做 10W 一體式的型號資訊不足**；但我可以提供兩種「最接近您需求」的選擇方向。

---

- **推薦方案 A：MR16 單燈崁燈燈具（嵌入式，燈泡另計，可搭配 10W MR16）**
  - **產品型號**：KW-303（白）/ KW-303-BK（黑）
  - **形式**：MR16 **X1（光源另計）** → 若您要「10W×1」，可自行搭配**10W MR16**光源（但目錄未提供 MR16 10W 規格，因此此處僅能說「可搭配」，無法替您確認 MR16 10W 的型號/流明/Ra）
  - **尺寸**
    - 外徑：**φ88**
    - 高度：**H: 25mm**
  - **燈體材質/顏色**
    - 白色鐵烤漆 / 黑色鐵烤漆
    - **內附燈頭線**
  - **特殊說明**
    - ※ 可訂製三燈 / 四燈（目錄註記）

---

- **推薦方案 B：10W「筒燈系列」一體式模組（但目錄未明確標示為嵌入式）**
  - 此系列在目錄中出現在「**神盾吸頂筒燈系列**」，名稱偏向吸頂/筒燈；若您可接受非崁入式或需再確認安裝方式，才建議選用。
  - **產品型號 / 規格（目錄可讀到的部分）**
    - **LED-CEA10D**
      - 消耗電力：**10W**
      - 色溫：**6000K**
      - 光通量：**1000LM**
      - 演色性：**Ra ≧80**
      - 輸入電壓：**100–240V（全電壓）**
      - 光束角：**36°**
      - 材質：**壓鑄鋁 + 壓克力**
    - **LED-CEA10N**
      - 消耗電力：**10W**
      - 色溫：**4000K**
      - 光通量：**700LM**
      - 演色性：**Ra ≧90**
      - （其餘欄位目錄截圖未完整顯示）
    - **LED-CEA10W**
      - 消耗電力：**10W**
      - （色溫/光通量/Ra 等在目前截圖中未完整顯示）

---

- **我需要跟您確認 1 件事，才能精準推薦**
  - 您的「嵌入式」是指：**天花板開孔的崁燈**嗎？若是，麻煩提供「**開孔尺寸（例如 7.5cm / 9.5cm）**」或天花板類型，我就能更精準判斷要走 **MR16 崁燈燈具 + 10W 光源**，或是改用其他更合適的系列。",❌ Fail,100.0,1,21.19
26,產品型號查詢,請問有推薦的「LED燈 10Wx1 吸頂式」產品嗎？,推薦型號為：舞光/EC-806+D-E2710WR10 舞-白筒燈 17X19CM+10W,"- **需求分析**
  - 你詢問的是「**特定規格/產品類型**」：**LED 燈 10W ×1、吸頂式**（非特定場所情境）。
  - 依目錄內容，符合「10W、吸頂式」的品項為 **10W 神盾吸頂筒燈**系列。

- **推薦產品：10W 神盾吸頂筒燈（吸頂式、單顆10W）**
  - **型號/色溫/光通量**
    - **LED-CEA10D / LED-CEA10D-BK**：10W｜**6000K**｜**1000lm**
    - **LED-CEA10N / LED-CEA10N-BK**：10W｜**4000K**｜**700lm**
    - **LED-CEA10W / LED-CEA10W-BK**：10W｜**3000K**｜**700lm**
  - **演色性（Ra）**
    - 6000K 款：**≧80**
    - 4000K / 3000K 款：**≧90**
  - **輸入電壓**
    - **100–240V（全電壓）**
  - **光束角**
    - **36°**
  - **燈體顏色**
    - 時尚白、貴族黑（型號帶 **-BK** 為貴族黑）
  - **燈體材質**
    - **壓鑄鋁、壓克力**
  - **特殊功能/備註（目錄有提到）**
    - 「※ 可加裝商空吊管 P.340」（如需延伸安裝可參考）

- **選購建議（依你偏好）**
  - 想要顯色更好、看起來更自然：優先選 **4000K/3000K（Ra≧90）**
  - 需要更亮、更偏白光感：選 **6000K（1000lm）**

如果你願意補充「安裝位置（玄關/走道/房間）」或「偏好黃光/自然光/白光」，我也可以再幫你把型號縮小到最適合的一款。",❌ Fail,100.0,1,11.09
27,產品型號查詢,請問有推薦的「LED燈 9Wx1 照樹燈」產品嗎？,推薦型號為：舞光/OD-3174R1 舞-9W 照樹燈 30K 35°,"- **需求判斷**
  - 你是指定要找「**9W×1 的照樹燈**」這種**特定瓦數規格**。
  - 但依目前目錄內容：有提到「**9W 適裝於矮樹叢**」的使用建議，**但沒有對應的 9W 產品型號與完整規格表**可供直接推薦。

- **目錄內可替代推薦（最接近 9W×1）｜OD-3162R1（8W 照樹燈）**
  - **消耗電力**：8W  
  - **色溫**：3000K  
  - **光通量**：500 lm  
  - **演色性**：Ra ≧80  
  - **輸入電壓**：100–240V（全電壓）  
  - **驅動器**：防水驅動器（內含）  
  - **光束角**：30°（較集中，適合打樹幹/造型重點）  
  - **燈體材質/表面**：壓鑄鋁、深灰色粉體防鏽烤漆  
  - **特殊功能/防護**：目錄頁面有標示 **IP66**

- **若樹或景物更高、更需要亮度｜E-3203（14W 神木照樹燈）**
  - **消耗電力**：14W  
  - **色溫**：3000K  
  - **光通量**：900 lm  
  - **特殊功能（目錄描述）**：
    - 活動性關節可上下調整、可對準想照亮的位置  
    - 防水堵線設計（加強防水）  
    - **抗突波 2kV**（適合多雷雨氣候）  
  - ※此型號在截圖中未看到「演色性(Ra)、光束角、材質」完整表格數值，目錄片段僅提供上述資訊。

- **重要提醒（目錄原文重點）**
  - 「**9W 適裝於矮樹叢**」有被提到；另有「安裝於草地請使用插地棒，避免燈具泡水損壞」與 **IP66** 等防護資訊。

如果你一定要「**9W×1 且要有明確型號**」，我這邊需要你提供：樹高/想打的距離（約幾米）、希望光束角要集中或泛光；我也可以再依你需求用目前目錄中最接近的型號幫你做搭配建議。",❌ Fail,100.0,1,14.5
28,產品型號查詢,請問有推薦的「LED燈 10Wx1 草皮燈」產品嗎？,推薦型號為：舞光/OD-3168R2 舞-10W 馬克草皮燈 80CM 30K,"您這個需求屬於「特定規格（10W、草皮燈）」的選擇；在目前目錄中，**10W 的 LED 草皮燈**我會推薦 **「肯特草皮燈」**系列，符合您要的 **10W×1**。

- **肯特草皮燈（10W×1）— 型號：OD-3185-30（30cm）**
  - 瓦數：**10W**
  - 色溫：**3000K**
  - 光通量：**600 lm**
  - 高度：**30 cm**
  - 演色性：**Ra ≧ 80**
  - 輸入電壓：**100–240V（全電壓）**
  - 驅動器：**防水驅動器（內含）**
  - 其他（目錄特點/材質）：**IP66、防水；壓鑄鋁 + 散熱塑；深灰色粉體防鏽烤漆**
  - 適用：**草皮、花園等**

- **肯特草皮燈（10W×1）— 型號：OD-3185-60（60cm）**
  - 瓦數：**10W**
  - 色溫：**3000K**
  - 光通量：**600 lm**
  - 高度：**60 cm**
  - 演色性：**Ra ≧ 80**
  - 輸入電壓：**100–240V（全電壓）**
  - 驅動器：**防水驅動器（內含）**
  - 其他（目錄特點/材質）：**IP66、防水；壓鑄鋁 + 散熱塑；深灰色粉體防鏽烤漆**
  - 適用：**草皮、花園等**

如果您告訴我預計安裝位置（例如：步道旁/花圃內/車道邊）與希望燈高（30cm 或 60cm），我可以再幫您建議選 **OD-3185-30** 還是 **OD-3185-60** 會更合適。",❌ Fail,100.0,1,13.13
29,產品型號查詢,請問有推薦的「LED燈 25Wx1 高燈」產品嗎？,推薦型號為：舞光/OD-1034R1+D-E2725WR3 舞-E27X1 高燈+25W,"以下我判斷您是在找「單顆 25W（25Wx1）」、可用於較高天花/高燈燈具的 **LED 燈泡**（而非整組高天井燈具）。依目錄內容，最符合的是 **E27 25W 燈泡**系列；若您的燈具是更大規格的燈頭（E40），目錄則是 75W/100W 才有對應。

---

## 推薦：E27 25W 燈泡（25Wx1 最符合）
**適用情境**
- 燈具燈頭為 **E27**、想用單顆 25W 提升亮度（常見於一般高燈/工業風吊燈、較高天花燈具但仍是 E27 燈頭者）

### 1) D-E2725DR3（白光）
- **消耗電力**：25W  
- **色溫**：6500K  
- **光通量**：3000 lm  
- **演色性**：Ra ≧80  
- **輸入電壓**：100–240V（全電壓）  
- **燈體材質**：塑包鋁、PC 罩  
- **特殊功能**：溫敏 IC（可隨安裝環境溫度調節功率，壽命長）

### 2) D-E2725WR3（黃光）
- **消耗電力**：25W  
- **色溫**：3000K  
- **光通量**：2800 lm  
- **演色性**：Ra ≧80  
- **輸入電壓**：100–240V（全電壓）  
- **燈體材質**：塑包鋁、PC 罩  
- **特殊功能**：溫敏 IC（可隨安裝環境溫度調節功率，壽命長）

---

## 快速確認（避免買錯燈頭）
- 您的「高燈」燈頭是 **E27** 還是 **E40**？
  - 若是 **E40**：目錄目前對應為 **E40 75W / E40 100W**（沒有 25W 的 E40 高天井燈泡資訊）
  - 若是 **E27**：以上兩款就是 25Wx1 的直接對應

如果您告訴我燈頭規格（E27/E40）與希望的光色（白光/自然光/黃光），我可以再幫您更精準建議選哪一顆。",❌ Fail,100.0,1,13.12
